cluster,study_hours_per_day,mental_health_rating,exercise_frequency,attendance_percentage,sleep_hours,social_media_hours,netflix_hours
0,3.6723183391003458,4.384083044982699,0.8131487889273357,84.14463667820068,6.478200692041523,2.559515570934256,1.7916955017301037
1,3.427759197324415,3.3344481605351173,4.655518394648829,83.85284280936455,6.478595317725752,2.5013377926421403,1.8752508361204014
2,3.5218068535825546,8.426791277258568,3.573208722741433,83.66791277258568,6.466043613707165,2.458255451713396,1.8233644859813083
